9366,57314,85498,106786,81541,100363,102176,98345,47603,90160
18718,70890,94129,88770,91060,104105,6142,90117,75558,91361
79169,67717,57184,111904,49501,46372,3991,67540,11942,10954
52800,2465,67950,111873,59226,61895,55198,35745,16112,55396
102245,75659,104222,102238,47265,55479,34320,4138,5806,43229
41225,3715,1453,2702,14215,90346,57254,4598,5171,27304
35545,101620,32395,105941,22598,72266,82228,64383,66644,57403
17376,2919,78463,82079,60800,89423,113165,23945,69689,92093
105506,93478,82169,36738,12140,34993,36216,112676,28266,105151
57355,31170,65300,70256,31980,39212,93337,94988,66135,43467
66062,91677,81019,54504,8922,69052,73501,3141,19919,15384
111182,3342,105844,49876,17337,50515,12377,62986,89274,76210
16930,103705,87038,78556,82005,81432,8065,50061,77138,54102
77252,37208,88753,20930,18430,84612,69304,109335,35431,83817
59251,20849,92906,39485,112729,69890,19835,76356,6225,58478
101255,77603,13172,37008,13667,105636,63529,4830,2300,103951
35015,10852,96209,19192,53356,106735,51232,20892,49840,63769
86636,85031,37267,108630,34788,46096,50127,113164,102893,108458
6300,34223,22919,45400,7128,72239,39584,38941,59137,57102
71569,104068,11202,56941,76032,18909,22791,94992,61261,34849
26428,72233,71053,84144,93594,42676,37752,3480,38041,97625
53592,78991,53183,50967,4481,14492,37812,32482,70088,71429
5434,24323,88763,33573,762,38726,84583,78025,90656,67501
61180,77265,47399,99883,5382,89558,77757,103989,76249,18917
17369,95786,4347,46282,57382,39052,65194,72849,104815,29245
41709,85860,86913,81155,31816,13687,61265,2392,100624,24469
95818,53768,11547,96958,76609,19204,46511,62737,70869,45776
16660,107305,108522,17084,2781,108358,62497,98531,112845,32248
97003,30782,111698,98083,52121,55473,68655,15708,103461,908
95038,48084,40046,84698,47311,34457,105372,4730,84306,30766
23967,19146,54173,24668,56789,98352,100387,83310,10480,79171
14572,75088,17722,110614,19905,89354,64480,12151,3876,100551
32002,9529,38050,56637,96957,59075,72257,17826,34555,50676
111203,73758,31516,97385,59590,88798,99423,81958,18783,15643
98569,53969,16293,98514,13909,82797,62177,4409,94295,88105
13368,45171,47279,87560,110372,77215,46931,108741,24650,81211
80817,108251,76827,49618,42639,79385,35055,91774,73055,40395
52945,76997,40761,64463,40469,93840,4599,33578,84978,107275
9426,47218,99036,28085,87423,29768,12519,33436,11303,102572
78064,46683,79429,104025,635,83416,97808,35090,47668,13265
22136,98517,70730,5614,110908,103751,40743,41646,43267,28334
28501,40481,43350,46195,64792,52735,87685,3031,68004,72553
23788,106963,65030,70598,51857,88167,74636,98455,83875,998
45786,83486,72971,77708,22335,37306,83514,83414,16829,108910
100486,81717,39877,83038,87261,93237,57480,43736,37699,33860
90727,108452,101875,55056,56369,12387,23141,24564,31025,74937
9465,61910,105525,9266,17289,68177,28876,31655,5378,51803
92338,82382,65051,69930,70802,103351,43344,11072,23525,4185
47104,67974,17392,63240,51655,60964,87325,92080,46447,86257
103478,46591,48532,55056,99012,91517,97234,41292,68708,63548
53225,106337,84011,53517,91775,95931,112089,67525,73297,96007
98695,79433,97282,86235,43357,74112,107189,55891,25148,78417
39454,89146,88748,1179,7415,45751,106555,3858,23651,27254
78866,33928,97290,34935,31445,25104,111803,78069,74817,98208
1512,35069,26023,83403,73328,39583,77177,68154,58526,592
79666,65102,923,92745,17618,60670,4835,87462,38159,82542
1394,32366,66315,32469,94349,61500,98286,96738,75505,76351
45055,52528,104693,65877,85890,47136,78635,10829,52347,40910
93876,83485,60972,39784,15803,11103,86161,74641,30592,77981
91042,6592,111820,50134,84051,29749,29093,83081,8711,50707
57402,55285,59604,106669,14215,66715,24020,92206,94756,45098
33666,102958,42186,54414,69239,83137,38435,39828,64694,31593
35978,100742,87047,74253,35731,97932,112838,50559,86502,6070
61341,15356,67912,20035,84761,41879,66993,106035,12243,88064
77802,85714,56113,80091,78431,30410,94955,105670,39256,53314
46770,65502,16453,27323,48235,101123,53399,7048,25536,97792
23078,90354,81919,52022,90121,10067,77779,69130,72830,104660
81786,59913,35845,102359,47037,44839,76539,87794,82685,40180
105611,67228,44759,109302,68294,48885,86778,97101,6430,83947
47378,73275,13039,67202,84571,54405,112267,95124,62626,84520
12788,44113,70739,30509,84643,47080,14264,94341,65133,85124
29043,60731,56098,11978,82684,44487,12234,39933,64821,32544
16382,43413,63242,9284,29967,88173,77188,48290,77832,57148
87736,92315,73348,84443,105946,101973,1086,49379,5151,105643
84344,27744,48341,59017,72912,88065,103750,21818,62072,43795
72931,18927,31589,36094,7150,46720,94790,51232,31220,3936
91006,4238,86974,46284,103416,111527,63862,43575,78447,54085
83156,108395,1987,14368,76061,8697,93132,75518,26238,5191
45778,81974,37139,87162,78032,101275,20225,40189,27314,19663
108130,76975,107035,38683,71825,45292,96352,34604,71508,78854
63615,17133,97578,44601,10903,105607,42688,10677,3872,689
14681,91748,92027,2269,19507,69075,54038,36242,96122,2593
103651,108196,29695,18584,28393,48431,77071,67894,33921,36036
9580,110840,72726,53721,108955,81815,82149,55972,80845,83918
40463,20845,64660,11330,15929,102261,104871,60369,22887,234
60487,80832,33553,19429,88774,30355,38990,9609,10212,65153
62518,87720,99971,43360,24641,85918,68538,67894,70616,28492
88174,27310,80565,56028,94015,27372,77503,42267,69475,93493
36654,68558,110606,79489,38980,47453,109364,58166,111004,81281
55621,18944,108444,100586,23647,55870,19273,7536,3936,51896
13021,30329,18126,28881,103311,56834,91956,74345,69681,15364
35259,48180,102098,11928,38298,26799,98798,70844,103596,2836
31119,1599,48268,93567,73759,70571,107665,25811,58064,10282
109165,81448,3629,42935,32396,96162,8795,77219,21765,97325
60976,91830,78613,31915,2643,80047,26415,22263,8363,68867
59901,109768,1852,86572,37702,84773,49802,4665,88309,35216
84103,43561,38385,91001,83358,95803,70302,77486,10994,98860
68259,17602,82758,85174,73325,42280,108845,221,68105,60124
95156,28044,73353,107387,93816,21891,9136,35407,56368,59246
106000,33350,81714,35935,91647,32356,16310,95069,94921,4277
98768,31854,49042,57926,5194,75506,45289,22740,87991,50948
39774,73089,23816,20264,35401,70474,19687,88467,5881,10096
33732,101535,17927,69915,3926,57439,24386,36330,25673,107166
59913,78564,82685,14599,22276,44839,47037,79676,82037,34521
53342,61016,20979,37124,43042,11241,97860,9728,9398,41140
19964,38432,60090,30984,46930,95514,104989,41628,78536,57730
62307,32036,22024,50206,46738,64537,16093,69397,29713,25036
78456,110110,105662,110043,64714,85453,74257,54902,49330,63969
82635,87680,50436,49376,106856,36304,38446,22515,94008,45199
59246,73353,19037,92548,71280,69067,102461,84733,60329,79681
10,94441,27825,59549,7861,106918,38516,37489,31525,65647
54777,86365,69100,1231,50329,17890,78332,14660,29807,59486
69892,6454,28125,28564,96237,98308,105655,60331,37867,95689
59243,28496,4183,96315,111471,22310,103795,89191,71522,59512
107610,4238,61748,87560,50205,40349,79819,1760,60313,111123
87643,70161,80119,34956,108383,71041,92181,104586,110757,7719
26863,47279,13368,79730,58537,110372,77215,25693,73484,24650
50171,3073,11103,26657,20649,16688,86161,5425,3775,16603
8143,31422,29037,36720,19283,94460,3980,39055,93097,53926
65650,59120,45649,27469,56034,82981,8242,52921,12964,89121
51357,22392,65030,111414,12547,87445,40982,46995,110665,95184
25864,12745,90933,81920,75290,56116,49081,90203,100788,43909
84033,77598,41043,111777,37331,78220,43172,14569,87780,3857
89117,104036,59592,29418,77218,35610,37539,113208,28037,4964
87536,86386,88612,1895,7566,107749,44262,86329,63500,18505
86713,101788,42156,31470,6148,31765,92979,28293,30768,96778
6498,108041,28806,86539,9982,11594,94910,17667,87992,97435
100016,55197,90110,110084,27088,41584,102401,51755,42794,49694
7297,45296,68030,22506,70071,34484,72348,87729,9751,41762
22602,26958,70547,66393,55202,3120,101049,49402,109721,89321
21127,96681,14763,40141,21598,79950,69878,100002,32058,107659
88883,63212,46492,84910,81431,41437,113242,22820,16980,80657
83444,26237,79290,90531,21797,57575,82666,34189,63863,51787
76752,14774,57760,29862,19234,67916,87676,55550,104074,47684
4911,37356,9834,133,82576,16806,7379,53949,113211,28859
25535,45287,50253,89600,86833,5607,18559,54128,28745,18748
103982,104049,4624,1955,3830,103028,77686,85414,19757,62893
33642,10663,51069,59369,52150,76724,90671,51243,22657,113204
21354,89201,85027,20114,35601,79145,66927,27309,64772,62362
64151,32766,29294,40173,67833,66156,81824,65204,67136,41148
21706,47023,97022,108355,35162,35114,17046,30926,68968,31085
44887,10868,42082,64782,40472,27813,15705,44709,13716,51289
32191,7854,11202,18741,44211,17658,65585,80321,54227,94752
95011,108463,58418,95693,39170,92338,110856,13356,6635,100112
91947,71277,6882,28966,72844,19178,2877,926,10168,13626
62842,81568,78253,49475,26919,22687,4605,100729,2035,32194
105005,44825,45587,34175,71757,70123,31516,52327,70363,6392
36379,88726,60085,48111,109955,82042,7141,26620,91421,28082
16209,38957,19468,1867,90885,91949,43337,25658,62520,34779
70519,93663,72996,58896,5282,46845,89826,43312,103179,72792
24172,12642,4737,93963,68862,44216,105538,105104,89866,45170
47365,39082,103999,72961,90980,27333,5958,29167,40082,11383
74894,27642,94660,85394,53361,82598,6718,109935,40122,7373
79987,10258,21820,92461,67311,16044,71359,82771,61744,79919
55805,109101,74266,91594,100617,105976,22988,41763,5068,25790
92381,22102,28304,87227,86083,40239,2678,92516,8948,7166
84372,53362,113186,38951,13357,86050,40012,15293,104930,108896
26365,86490,40084,111063,8060,17399,70849,27875,84996,97937
62522,82340,1295,90502,50818,26142,32471,70882,72386,48439
38817,25836,19006,94891,40340,97554,25020,104396,17640,93310
30518,14749,52319,6391,34872,97920,44699,58866,32656,82210
15398,93414,79580,59665,51696,22273,95989,82612,21718,55026
108668,11262,103,91611,99153,47538,79262,65149,79955,42995
91060,23429,112692,11090,18718,40933,111975,103338,70890,19009
20364,82601,51468,29762,58456,31539,52992,103206,7418,68012
53814,12663,89706,112567,27598,23802,98358,64089,70899,11766
90442,108252,19666,42772,41928,58497,55712,7387,21861,98565
64713,19611,59281,13262,107658,34316,107401,79503,104639,75809
53887,88434,80223,76364,13617,42097,56698,89306,93421,112667
48147,31979,22475,18560,100836,102173,45517,49678,3373,25829
32963,42764,17422,49968,50514,16998,59801,105463,97591,97241
4002,113163,65138,13701,88044,16494,67560,62301,35441,15387
84139,69292,95844,99016,77111,13523,41652,83746,107958,10002
9768,40501,70282,50023,62479,3322,50491,60488,49342,74889
50807,18425,33254,32245,109945,26008,29158,27040,92234,56446
3623,30886,56691,52460,53654,107321,100171,95203,2829,77516
27916,29067,16019,108331,83006,20187,104533,54453,19212,3835
29314,47768,13562,68163,30168,43938,55452,73113,88356,15844
74529,45987,54690,82807,52204,67917,23061,10885,96960,50013
67804,24777,33930,87191,73032,51279,58072,53556,13202,62114
41229,26508,82927,62030,20785,31081,78716,64539,41999,52298
6040,91301,101928,45462,59339,32657,9015,113021,12525,111585
112086,10746,15490,44264,4032,73382,35516,63178,16652,110242
104182,92676,75672,103972,75175,6936,24066,103920,42144,49929
76677,95836,50598,80444,19915,65566,13499,99295,63150,79326
12706,106760,113057,5324,97598,75661,20053,45579,31758,87745
76279,30385,55267,54052,101207,86708,72248,81172,61169,54302
62769,80546,55279,57861,56170,85749,106144,51604,19290,39216
63590,20135,91668,17982,94189,95880,34340,89634,532,72707
73544,17619,95952,54753,6465,104981,66156,77214,37305,34707
96001,34799,57136,17203,83235,36269,100825,57570,15787,56789
74610,64338,9572,82358,20408,110011,45015,63208,99217,59780
61114,63902,9711,11877,3857,112312,25884,68045,46174,65798
80020,104346,30780,22834,70190,82028,56410,10202,103610,56816
102591,98336,64117,70040,58949,91107,47892,91429,7032,90049
95628,54864,43097,106434,74887,106374,95902,60550,38878,55417
110526,76491,46526,46945,56,67613,27825,44567,106918,84658
51815,21576,94993,52631,27642,107635,3125,19878,44407,66950
14250,67730,68847,59711,91071,59218,89404,66270,106857,34241
80851,60222,112916,112365,73770,46524,28379,54073,53106,11519
12423,76803,43759,32085,63981,71812,78868,82781,104590,18329
56407,110605,55369,20208,30184,32275,20167,79649,37344,107867
80452,55505,56958,80382,83508,110855,104897,63929,17704,77018
76906,51473,33770,110677,101433,35157,58752,53741,69562,32055
43344,69930,24318,98244,65051,57602,82382,103351,63589,51578
93545,61012,13250,55360,42262,107414,95804,81135,100114,84022
48856,67613,80008,47202,72713,44178,8502,81204,78573,103074
75240,48116,64159,96418,40418,13100,96391,1580,107271,63932
106732,1444,58136,14146,62485,52461,68225,17639,35406,45949
6128,49534,38964,40887,104842,475,55612,28871,61636,86693
14957,106181,22601,84420,50560,35135,109602,56902,78376,56531
26427,82793,62775,42492,30738,71733,34915,83660,89369,22449
78987,68558,74051,36654,50778,30576,4629,108689,76710,45334
61876,84031,25620,107386,6400,101460,5324,46322,101620,7069
51810,8657,20825,77565,60147,11214,78513,9682,36737,100171
25389,10431,75360,106025,101965,58105,31871,43621,84474,5849
71974,78330,84740,110450,9890,3677,56478,10676,3184,34720
102270,17955,63229,68079,87188,93310,18092,14092,63497,40039
111485,51552,101770,107971,11490,33198,14690,70099,21018,8054
8313,54783,99766,3773,823,110790,109187,109370,16516,63248
63927,95740,56462,112739,53439,64184,55515,95743,105330,38963
107244,67272,51913,55272,62836,51800,100170,89107,45363,47191
108004,88159,101280,76011,22607,89497,13797,31032,20217,26457
3296,17590,50666,70433,56442,32554,53080,42437,111518,113108
107604,59552,83792,77852,23257,8581,109885,86943,101335,53614
18443,109624,91947,50079,1871,39607,64260,99614,27082,35658
48036,102112,73469,105281,66461,42724,52777,25853,11749,38168
101822,85778,43176,18700,2874,45761,22167,77666,98296,89166
20572,32593,12761,105698,99145,24706,43761,78700,2491,108534
106710,55373,3111,56593,89862,28928,87546,24226,50659,59150
100870,8982,113204,63525,89326,3378,97717,45454,100616,84421
524,96774,42593,74267,11580,71229,71586,12525,65751,20312
13317,62255,44825,50066,39628,75198,100388,45587,61630,78054
33667,1873,58026,21739,36155,8066,51659,100705,7415,101369
84375,9519,89836,76910,18684,21101,45285,33232,57259,2861
71538,91130,95627,90506,52567,93331,14577,102077,101970,64199
63874,22093,7,81063,31372,38923,56278,90454,25451,98916
20120,9971,107513,58220,67661,79304,48930,53483,20177,100320
18205,97530,35040,6381,102856,32487,19475,88110,25245,89988
2389,66804,24877,72926,65634,101636,1667,70730,103751,58976
37532,87309,53004,67988,76830,3290,46339,4317,103694,19002
13222,30572,97985,54321,65456,868,19349,99166,30586,14181
51200,90944,82845,102778,97802,90432,74897,73324,86390,60587
63436,93207,1270,539,27145,3519,43727,104346,5866,98698
54164,30579,24652,47740,100451,13189,33865,32194,78635,49475
21497,86892,46297,65259,31837,98959,4543,82078,107342,97759
55353,76857,88015,109015,46197,10872,45965,105042,45919,64193
90154,45320,69292,103659,27479,98707,29558,85898,14235,86445
57197,23253,7251,89578,27654,18769,35436,20211,11491,40726
95442,45598,36237,96191,17136,58224,7604,57981,110863,47530
111658,84002,32292,38131,101501,36650,64380,10281,57097,111989
2650,11580,96204,79558,95039,15391,44897,23921,90068,74267
47301,85434,54713,58559,77188,40109,37233,84562,80812,92925
57029,78124,52249,22770,45071,2482,13772,40364,67001,71324
11109,77658,69865,88366,74165,110036,111526,102688,24870,80810
16895,26784,104184,76339,102112,71320,48036,34980,4095,28451
10538,14436,87337,30629,69301,71231,105018,98929,79145,87561
46352,103693,67245,72409,70704,103956,71272,28375,95814,76533
29787,56172,45304,112839,111376,17529,4155,26510,40,36890
93720,12049,63416,21537,79283,9373,5849,28130,66165,100124
72352,1056,35497,61829,15230,101023,25634,60448,41432,83821
22383,15297,100446,91764,46270,42553,93519,105344,65497,84920
25220,91107,102591,63671,41907,39669,17064,37294,25159,3081
42079,69179,44499,82939,57174,38595,98810,4549,63534,102826
75373,7182,100582,21042,62527,54612,111175,49579,54995,84250
76641,109479,91357,2453,6831,52775,72321,25330,82450,77198
9747,9235,1928,36126,91265,1359,7225,428,45402,98441
74989,11947,36711,20416,100621,107852,91432,31518,60151,60399
110624,72322,58782,69591,81637,80129,110867,13547,1962,91786
97315,1450,46320,78862,12071,67948,39447,74908,41492,59193
29392,100788,20820,112932,30088,97629,6191,112505,13171,8366
29705,30677,28085,99723,112217,55427,11303,47600,46614,29768
7147,10250,76860,9313,102985,14659,93212,9632,80497,35511
37124,34021,63343,58195,5388,19775,11241,97627,83607,85127
85925,84695,12234,39943,15095,82684,97369,79664,40912,66581
32089,73355,86344,110877,54682,3998,24634,13702,111325,15026
73234,53860,49635,78437,45980,65849,78775,21275,98714,70630
11434,75641,90236,12879,10671,35710,28754,86362,13046,33178
95731,69372,106152,51855,36606,76220,59081,102838,89834,77599
101173,102976,27150,13802,50413,79808,44688,24803,61964,11479
77052,63545,100186,104827,54541,64285,58983,52937,56323,75142
61121,94413,11730,2539,34622,86055,64190,75697,47842,16361
90714,71400,53282,948,95878,44504,111579,34992,95204,10147
49795,5248,108593,49048,81874,51429,13137,97871,59201,103832
99569,109428,98953,72546,21186,41488,34538,25900,62320,82961
36744,38688,102094,88299,100405,74296,61620,98224,77284,103635
67175,85470,75608,47656,5909,51858,85350,17147,93171,111923
17377,49570,64367,47163,12580,107952,27529,22556,88549,101511
64070,109175,62451,23474,96263,33511,94688,55430,60684,87286
11293,60654,108091,106817,48434,36918,70763,69746,99610,81270
81795,36399,36272,50520,77664,92958,33165,52912,27502,67656
107254,111601,77792,85290,43012,100013,20477,47854,23646,111861
43879,73187,20225,106653,69029,95287,36461,109762,27009,104332
12859,26563,27038,13360,94126,50537,42701,3255,19090,93091
57841,85485,13306,86231,75926,86453,101679,81560,65413,63701
22483,8106,25783,89846,79006,35845,51816,87647,86555,105983
102318,73185,91658,74596,57104,61517,19083,11679,11957,27239
21466,21901,112096,74841,15131,23878,78254,27995,26786,17003
49690,60872,18367,107526,20285,58752,59981,34928,14122,57160
25030,6216,15034,74551,65145,24300,24948,38083,21765,106228
111625,12499,13517,3798,34239,8653,634,100031,3582,18309
64605,41284,61089,67437,41775,15938,12013,66309,68773,57332
56524,93921,84553,17654,62829,15473,72541,71230,28825,27692
63491,13522,45405,97289,108912,84760,55315,28256,17052,56324
28168,72478,35229,69182,25626,92067,68293,99680,10878,96511
97006,19031,13352,100372,100540,25324,29486,107884,83934,13768
107792,74573,47210,106060,100083,60374,82835,33372,69240,23193
72007,58913,60697,40674,39030,100331,67970,80366,35212,36248
8359,51622,17752,15343,103227,19093,109005,28121,14322,71479
51653,18907,37303,32764,40162,92883,36849,78444,20450,104711
40782,112915,95980,97925,102861,11181,20703,11051,6043,87850
82434,94824,96283,101685,60606,110313,69912,3821,6822,28191
54963,17026,75699,87015,56626,97144,45720,103239,35452,2769
109707,25388,76885,54735,80267,104702,92666,102210,27519,81301
45854,5844,106074,93926,94888,33372,74573,110861,100441,64586
89,23776,33810,36713,60953,102199,49544,11671,77063,73706
66767,37883,48542,103651,97441,101369,89146,106228,97110,37823
32778,7645,80862,5631,60257,56754,96153,55694,55841,28698
111535,28113,23061,44643,64079,36888,106252,52204,80423,107519
91900,22424,1907,19679,101671,15423,92124,98639,57756,33925
14642,44001,72903,92191,48341,14558,56704,78030,22636,32154
78927,28341,66092,49779,51659,57030,31496,49796,27254,17529
1446,23422,9028,3680,26203,50816,53949,112196,106283,15843
86215,22477,61495,92131,18741,100041,63037,64083,100405,103470
31048,6999,10708,13367,75816,59085,58792,51384,4419,38168
48401,22185,51655,48199,16788,101692,103526,34329,20964,39481
44293,103192,10517,68783,82467,18382,81568,6667,67859,30737
59418,41409,2643,28410,31488,18299,63136,22398,99033,86673
111923,39773,3390,20377,47404,65351,29025,60300,4664,23922
39986,47201,100066,49740,112974,78092,108734,76362,88236,46102
82009,2564,61736,104962,102659,82461,104646,46203,79383,31056
4709,71477,34730,29781,62111,28831,56335,106321,46847,107323
72852,83906,104290,45431,90227,38236,49710,43608,27183,74907
82938,89058,12730,49040,17157,86115,57483,3755,1754,19851
52387,53878,53411,72592,39611,90921,77596,82121,58312,3166
62362,96199,78906,70180,44161,46115,94463,82201,65570,105644
23314,14267,48192,94659,8989,49325,57350,46245,48763,25280
15387,36658,73325,56632,9807,20017,29942,41067,68272,5266
89959,12990,83356,45464,1602,109324,11411,67699,73277,33068
109793,30326,12528,12480,55223,21875,84157,533,64670,4601
52384,98482,81803,87620,51351,102650,30758,106450,97211,83126
30085,87440,13727,61281,73515,84422,8761,3111,65183,80030
88220,105446,12514,100359,88824,66636,50409,98255,53741,72480
4743,7877,36028,10153,27096,82993,9572,73171,106332,40396
21683,57319,80826,100089,69600,20028,17255,59061,44223,19447
30338,5524,84259,103129,30892,86369,42845,10996,35968,105683
56172,71508,48895,22442,37440,107935,20197,26166,5976,76975
92277,108118,78288,68415,10639,99016,91968,83746,95949,32680
82656,55004,46548,17036,41033,94073,87018,91192,88111,45971
14050,81038,50759,48485,99437,33353,32798,62804,79231,9819
97149,93610,96591,1922,90108,30814,50096,55445,82793,93042
44763,77914,44192,1486,12307,61236,28360,298,94906,69489
30158,20247,68382,8178,44659,29327,30042,22402,16417,12783
12441,20903,67386,22038,61247,30222,100572,25909,73773,70825
80464,58761,76598,44535,31383,64509,112278,11987,96225,85954
101764,26256,69237,37653,19474,110175,85017,24023,15446,51604
56123,19417,106041,78767,13938,89219,91322,16458,106,70303
31085,38202,26804,38732,102953,31950,30416,63041,91382,90648
25165,63304,62892,32616,54106,98497,62881,76474,79352,100239
34928,3650,112398,64930,79360,95321,80219,53453,40420,60965
15700,3536,19748,36767,81134,18215,33494,54425,756,63854
99185,107414,86962,83087,51973,52161,10811,33061,77030,10318
9088,56038,50164,82045,60848,39479,84033,37331,80008,68787
1341,102176,9366,81541,20578,30891,90160,33161,18025,43433
39836,105640,110714,104454,58800,18886,92540,9617,97734,16010
35760,57533,26054,79438,22104,90643,27232,102422,90876,97118
4479,56629,25372,107328,85241,49874,76102,24740,26751,96373
57398,18783,77770,29355,112852,12017,81666,32659,69139,41282
57381,26193,81081,68175,52557,47433,54267,60701,98420,19094
83623,31273,74072,70175,680,105238,104175,95435,106867,24559
97983,35085,46991,101136,30295,109646,26438,34635,98110,87191
72559,44665,82148,26573,32523,8483,101964,63833,6482,102721
14435,76352,43713,63182,101020,6097,37107,30533,35735,28369
78836,3570,96454,87769,8049,26229,87438,7155,4518,21501
64609,81733,91918,67586,55584,108558,107017,7623,94164,66039
100622,7391,87389,85605,83216,65404,110414,106141,94798,111731
86512,86686,37759,85396,75598,70602,23412,90267,46181,69906
33712,54528,100068,21894,108952,61128,94795,19547,107328,56629
108406,105435,111458,55399,83595,67418,29562,63757,92115,98296
48630,111903,82031,13008,4616,64976,28653,73436,74897,28289
8139,42197,21152,39373,81446,31244,26722,75008,29660,7935
33412,52384,87620,98482,25202,95200,47481,102650,9415,110201
95508,105791,63706,84310,83406,88868,78122,109378,113188,97379
55115,104143,57582,105431,105552,29490,78929,108567,94426,42964
4262,3479,23104,12355,109733,28448,102804,56325,31671,34050
103269,109190,73830,91874,112375,31625,41469,41069,67845,75006
106552,62460,46121,85924,6098,27791,38759,12320,59043,70703
9268,100437,18547,109173,11399,90856,103184,68095,91652,24213
56038,43172,1399,272,97111,77598,315,58398,60767,35969
110470,14665,48755,28378,34549,108763,13224,65714,30673,47947
61796,79262,94021,99364,110672,32136,70547,18719,33420,79243
106653,44376,63985,49509,55436,13717,68275,61582,65407,79277
92531,13643,72339,33109,66366,31158,21802,31593,87326,81262
31756,108692,36746,72181,86115,81218,52444,101484,104189,77299
24738,76729,41907,23935,66394,42047,35555,55145,31363,57041
93483,83946,91675,63435,77517,85462,27738,51434,90837,25104
33406,79324,27339,110770,28196,111969,74193,23235,77636,23422
110629,88660,109614,32219,47354,58566,64700,31518,69253,91290
30741,91856,21792,93570,65825,98741,84916,80158,92775,12833
92568,21405,92208,89847,95379,25542,2264,54906,14874,47203
111512,55879,82128,84617,9599,55997,74215,109735,98701,104143
63097,4062,2567,47327,19663,77225,108806,70101,6075,86843
89381,3986,48431,29931,94614,79860,3629,48007,64776,24300
81797,93781,72310,110425,23587,33922,107951,57727,21966,57160
42157,101900,17202,50347,87686,89600,15708,100190,57934,61042
79128,9761,110826,71675,74017,110616,72105,43093,95021,110046
16529,86115,44869,27984,28445,110423,108692,87155,21376,14018
1671,95708,19659,107081,25531,87387,32298,39877,70631,5136
10533,6402,79058,83071,87509,109800,103419,34581,63850,15111
81144,9773,61731,26105,97150,74915,56016,42498,5438,728
73850,64284,14303,71349,17564,1971,101822,29857,106920,80032
94018,53917,7147,74083,18858,84611,39621,98118,26058,54283
78090,58623,23821,83985,29656,68458,42793,97254,58820,87591
1668,50885,108739,89658,30549,96336,37820,49209,44657,95684
23788,70598,44571,74636,29361,87162,25485,27004,82122,88088
93252,89324,85969,99185,77030,29411,61012,23143,67174,43847
7069,8919,90128,104231,15085,44377,7286,2396,6780,51721
101536,107325,20133,44003,28274,26879,6835,61781,4177,87505
4371,39135,66065,46348,46821,106712,101616,8870,9072,71105
30957,93132,108475,53807,69301,63929,5191,51584,102949,20114
51705,46158,101961,57205,69717,40466,99889,12768,43400,23376
87742,27214,18594,27254,54969,76332,102724,37583,100879,35655
19843,80716,34869,35659,177,79029,24183,22653,67227,81389
22942,8419,53215,55597,100273,45913,81191,86778,53829,82550
3834,31135,36988,14175,28986,105450,107224,113171,69344,40624
61410,87893,8251,59933,46887,45363,56816,44893,66078,14844
79823,3558,56528,55997,111512,39425,20663,84617,109735,70279
62732,63198,24353,86374,103587,49641,27272,66366,39291,112150
38400,82947,18249,59366,77558,13044,94496,28100,76435,2409
14625,50616,20432,12151,17722,32423,41924,83579,88499,23640
13966,17655,72879,55742,44970,60487,80832,76324,18300,91498
102524,35805,85952,66081,57162,37707,75707,4822,103151,101778
99600,23769,86457,73696,1782,94500,5003,35286,57739,95139
77995,4581,74406,45001,55139,98806,66543,21214,38015,84679
14660,107991,43335,41404,33977,88965,72355,12013,73826,3465
43090,101519,6459,33978,75280,90646,72140,78324,19675,81753
110045,18117,71034,92708,100772,28533,36760,26149,11121,92917
25929,74798,72454,41754,58094,108810,104033,24104,13864,30121
97675,26248,107658,25292,64979,75368,23328,105087,22273,22865
72861,79676,99939,91492,86555,85454,18396,14599,13788,28336
31474,58044,6372,18638,26919,76779,31705,94285,40233,22632
105540,97243,17435,75533,32020,37394,589,94847,67337,26509
87574,16572,29843,10368,28984,81347,40888,110030,67797,48592
79106,3291,61172,20061,43277,1503,31714,85285,67742,38883
103370,73054,78163,78834,97859,62069,2649,19944,9302,72752
95814,79435,77467,82109,79809,46352,23613,58828,103693,72914
2565,104796,67651,36760,79903,43625,41551,58379,2023,103734
102200,64649,2986,40912,69917,32445,63202,23560,67456,64017
42127,11193,21298,71535,29468,66014,12718,70421,20665,69349
45413,112937,26092,42574,75552,97537,49814,60406,48640,39910
68337,54338,97306,79203,75432,94256,26613,72249,51789,95440
71811,69325,30900,106179,19865,29769,4246,81508,111697,15972
55827,10725,52040,46432,39835,19576,70937,44792,88677,12858
72346,18444,75166,22290,60141,7558,68733,3109,58698,1830
56174,104661,109378,102519,92694,95024,65792,93735,32792,22075
3008,68014,65912,6065,64107,9569,30608,52700,74125,97807
38219,34203,50472,51908,53171,40209,105999,100543,12909,85037
5942,11588,85793,91192,21992,18356,41173,29277,113236,17036
80683,63062,71813,6741,107411,82480,63091,15628,70620,61322
21615,73012,91272,96476,6904,23416,9886,79818,103929,43910
105060,54962,61093,112758,54575,7292,92778,110273,31032,76485
105971,33382,110501,99523,99934,86666,50913,19944,47225,34378
26154,107637,110727,44881,9840,55797,11214,108432,103996,109931
51659,18693,93438,31496,58166,58026,87653,92268,101322,11945
14060,7611,18494,94018,41092,77438,70721,68806,80523,96785
83248,10880,61116,60529,47050,96965,84529,46670,95053,30107
2021,99096,40279,102955,112002,60275,101087,50766,7746,22474
62215,100928,110799,59638,46761,26331,87576,68514,108681,60577
7940,74349,55893,6093,45061,55172,37501,31000,92435,31727
30015,58712,68027,47794,29208,13711,49495,17107,17744,19538
29572,74644,76199,32554,102099,52351,32847,51396,102122,5240
34999,112844,66382,3098,6611,97610,47559,21139,106102,102835
69883,96965,64116,78121,8882,56223,9885,67786,94388,19598
86689,24497,103801,108175,60606,56929,40082,34571,78006,81706
46226,5660,34203,104146,7435,111766,62821,48021,63645,20735
60140,111456,64077,40953,67936,50539,34902,38177,29616,5141
110759,55658,53189,4003,82478,97431,109273,33045,56565,112801
8307,29262,1911,10776,64662,84963,66409,29395,45739,54757
21581,70862,28145,58124,62283,23600,52293,59503,112257,12170
11379,4986,21942,95826,110384,14151,44851,104123,14115,46115
5470,53317,6485,32865,78812,74815,86183,32827,25802,61276
41587,68260,43527,94023,102583,102803,67007,8148,17101,39995
2843,61167,74076,97998,33748,10089,2936,33079,61476,59152
20690,51482,72105,79128,6735,53364,89709,10553,83645,100766
81808,92001,22277,55819,98430,32764,20872,111816,30402,94808
11202,104068,68736,34849,71569,76032,63425,106883,72630,17039
55911,71518,34637,73236,95807,54472,35065,21145,60112,62503
32946,70190,84189,77225,109034,108054,56366,6043,56524,102493
108092,77692,35311,85800,105801,51013,112922,93852,45065,42608
84805,77049,51814,98436,69731,112755,79377,12849,106222,77051
25141,60072,87527,60755,15788,9280,55680,57363,100841,91022
57583,4170,38332,44162,1703,7684,69598,22025,62054,83539
99918,14759,10196,42422,77646,102268,21256,41839,50244,63464
63994,59474,74698,69289,87020,48236,53932,41617,40387,101813
77105,71237,19118,103115,15345,63776,59904,78515,49443,58207
9615,42364,99443,9643,92224,109904,44966,102910,93990,100809
7862,37773,8948,31458,41983,5690,92115,2676,36276,43465
71133,53757,98019,75338,29651,28239,103907,71848,36603,103880
24958,33208,53317,59949,11435,74264,76755,92296,99925,57632
100926,32747,31889,30801,22112,96783,62612,49119,37746,86078
